EPOCH,INCLINATION,RA_OF_ASC_NODE,ECCENTRICITY,ARG_OF_PERICENTER,MEAN_ANOMALY,MEAN_MOTION,anomaly
2023-03-03 21:46:34,-0.005099999999998772,-0.6137999999999977,-8.769999999999999e-05,103.35239999999999,6.82110000000003,-0.0005532300000012924,0.0
2023-03-04 10:52:47,0.005199999999987881,-0.7363,0.0005212,-40.1311,-70.00360000000003,0.0005625800000004233,0.0
2023-03-05 09:01:04,0.015799999999998704,-1.2613999999999805,-0.0003478,-52.985,52.38130000000001,-4.840999999977669e-05,0.0
2023-03-06 08:51:41,-0.018999999999991246,-1.3829000000000065,-0.0002853,-1.3541000000000167,1.3168000000000006,-0.00034978000000052134,0.0
2023-03-07 10:24:30,-0.006799999999998363,-1.462600000000009,0.0001958,132.1678,-132.166,0.0005072400000010191,0.0
2023-03-11 02:58:30,0.01099999999999568,-5.061299999999989,-0.0002126,-52.92009999999999,53.81219999999999,-0.0015297700000012071,1.0
2023-03-11 09:47:15,0.0005000000000023874,-0.38810000000000855,-5.399999999999996e-06,16.660799999999995,-16.662900000000008,2.0759999999953038e-05,1.0
2023-03-11 20:00:23,-0.00010000000000331966,-0.5845999999999947,4.799999999999995e-06,-1.883800000000008,1.883800000000008,3.350000000068576e-06,1.0
2023-03-12 07:55:42,-0.0002999999999957481,-0.6829999999999927,1.2900000000000002e-05,-2.190799999999996,2.1903000000000077,2.840000000503551e-06,1.0
2023-03-12 09:37:53,0.00010000000000331966,-0.0969000000000051,-3.7000000000000086e-06,2.5508000000000095,-2.5509999999999877,1.7099999993774873e-06,1.0
2023-03-12 19:51:01,0.00019999999999242846,-0.5843000000000131,1.0000000000000243e-07,0.09860000000000468,-0.09860000000000468,3.3300000001901253e-06,1.0
2023-03-13 07:46:20,0.0002999999999957481,-0.6816000000000031,-1.999999999999913e-07,0.716399999999993,-0.7164999999999964,2.830000001452504e-06,1.0
2023-03-14 14:25:43,0.0002000000000066393,-1.7528999999999826,9.999999999999972e-07,-0.6856999999999971,0.6856999999999971,1.2319999999732545e-05,0.0
2023-03-14 19:32:17,0.0,-0.2921000000000049,-1.0000000000000243e-07,-0.31870000000000687,0.3188999999999851,2.639999999942688e-06,0.0
2023-03-15 12:34:10,0.00010000000000331966,-0.9738000000000113,0.0,-0.5925000000000011,0.5925000000000011,4.6200000003437935e-06,0.0
2023-03-15 22:47:17,9.99999999891088e-05,-0.5841999999999814,-3.9999999999999617e-07,0.10020000000000095,-0.10020000000000095,2.8499999995545977e-06,0.0
2023-03-16 10:42:36,0.00010000000000331966,-0.6816000000000031,2.9999999999999374e-07,-0.5324999999999989,0.5326000000000022,2.47000000008768e-06,0.0
2023-03-16 19:13:33,0.00010000000000331966,-0.48689999999999145,1.0000000000000243e-07,0.3803000000000054,-0.38040000000000873,1.8700000001814487e-06,0.0
2023-03-17 07:08:52,0.00010000000000331966,-0.6814999999999998,2.9999999999999374e-07,-0.7081000000000017,0.7083000000000084,2.9999999995311555e-06,0.0
2023-03-17 13:57:37,0.0,-0.3896000000000015,1.0999999999999996e-06,0.3088999999999942,-0.3091000000000008,1.6099999999852344e-06,0.0
2023-03-18 12:06:03,0.00019999999999242846,-1.2657000000000096,-2.9999999999999374e-07,0.29060000000001196,-0.29059999999998354,4.790000000198802e-06,0.0
2023-03-18 18:54:48,0.00010000000000331966,-0.38939999999999486,-6.00000000000001e-07,0.4484999999999957,-0.448599999999999,1.209999998863509e-06,0.0
2023-03-19 13:38:52,0.0,-1.0711000000000013,3.9999999999999617e-07,-0.7113999999999976,0.7115999999999758,4.9900000007596645e-06,0.0
2023-03-19 13:38:52,0.0,0.0,0.0,0.0,0.0,0.0,0.0
2023-03-19 18:45:26,0.00010000000000331966,-0.2920000000000016,-4.999999999999986e-07,1.0704000000000065,-1.0705999999999847,7.300000000043383e-07,0.0
2023-03-20 13:29:30,-0.00010000000000331966,-1.0711000000000013,4.500000000000001e-06,2.136599999999987,-2.137200000000007,4.660000000100695e-06,0.0
2023-03-20 18:36:04,0.00010000000000331966,-0.29189999999999827,-2.1999999999999993e-06,1.1646000000000072,-1.1646000000000072,1.8700000001814487e-06,0.0
2023-03-20 18:36:04,0.0,0.0,0.0,0.0,0.0,0.0,0.0
2023-03-21 11:37:56,0.00010000000000331966,-0.9735000000000014,3.000000000000073e-07,0.6388000000000034,-0.6389999999999816,3.939999999147403e-06,0.0
2023-03-22 01:15:27,9.99999999891088e-05,-0.7789999999999964,8.999999999999948e-07,0.9008000000000038,-0.9010000000000105,3.910000000217906e-06,0.0
2023-03-22 16:35:08,0.0,-0.8763000000000147,1.9999999999999944e-06,0.5945999999999856,-0.5947999999999922,5.3199999996422775e-06,0.0
2023-03-23 11:19:12,0.00010000000000331966,-1.070999999999998,6.00000000000001e-07,-0.13139999999998508,0.13129999999998176,5.540000000081591e-06,1.0
2023-03-23 11:19:12,0.0,0.0,0.0,0.0,0.0,0.0,1.0
2023-03-23 18:07:57,0.00010000000000331966,-0.3894999999999982,1.0000000000000243e-07,-0.6287000000000091,0.6289000000000158,2.2500000014247235e-06,1.0
2023-03-24 11:09:49,0.0,-0.9736000000000047,-2.9000000000000027e-06,-2.3574000000000126,2.3579000000000008,6.4899999987488854e-06,1.0
2023-03-24 16:16:23,0.00010000000000331966,-0.2921000000000049,4.000000000000097e-07,0.2557000000000187,-0.2557000000000187,1.340000000737973e-06,1.0
2023-03-24 16:16:23,0.0,0.0,0.0,0.0,0.0,0.0,1.0
2023-03-25 11:00:28,9.99999999891088e-05,-1.070999999999998,-2.8000000000000003e-06,0.42959999999999354,-0.4294999999999902,-7.270999999953176e-05,1.0
2023-03-25 21:13:35,0.0,-0.5845999999999947,1.3999999999999934e-06,-2.4324000000000012,2.432700000000011,-2.270000001303174e-06,1.0
2023-03-26 17:39:51,0.00010000000000331966,-1.1681999999999846,-2.9999999999999374e-07,1.3015000000000043,-1.301700000000011,5.950000000254363e-06,1.0
2023-03-26 17:39:51,0.0,0.0,0.0,0.0,0.0,0.0,1.0
2023-03-27 14:06:06,0.00010000000000331966,-1.1683000000000163,3.699999999999995e-06,2.851699999999994,-2.8523999999999887,5.960000001081767e-06,0.0
2023-03-27 17:30:29,0.0,-0.19469999999998322,9.999999999999972e-07,0.7503999999999849,-0.7506000000000199,-4.0000001533258e-08,0.0
2023-03-28 05:25:48,0.0,-0.6814999999999998,8.000000000000059e-07,-0.18259999999997945,0.18260000000000787,4.040000000316013e-06,0.0
2023-03-28 13:56:44,0.00010000000000331966,-0.48680000000001655,9.999999999999972e-07,-0.09650000000002024,0.09640000000001692,2.410000000452328e-06,0.0
2023-03-28 17:21:07,0.0,-0.19469999999998322,-3.9999999999999617e-07,-0.05449999999999022,0.05449999999999022,1.6600000005695392e-06,0.0
2023-03-29 10:22:59,0.0,-0.9736000000000047,-1.200000000000002e-06,-1.1655999999999835,1.1658999999999935,5.269999999057973e-06,1.0
2023-03-29 10:22:59,0.0,0.0,0.0,0.0,0.0,0.0,1.0
2023-03-29 17:11:44,0.0,-0.3894999999999982,3.9999999999999617e-07,-0.1372000000000071,0.1372000000000071,1.6800000004479898e-06,1.0
2023-03-30 11:55:48,0.0,-1.0708000000000197,-1.800000000000003e-06,-0.6824000000000012,0.6826000000000079,5.119999999081415e-06,1.0
2023-03-30 17:02:22,0.00019999999999242846,-0.28999999999999204,-4.2e-05,-0.474899999999991,0.477800000000002,0.0002930299999999164,1.0
2023-03-30 17:02:22,0.0,0.0,0.0,0.0,0.0,0.0,1.0
2023-03-31 04:57:40,0.006100000000003547,-0.6792000000000087,-3.25e-05,16.89179999999999,-16.89020000000002,-0.0002154899999986526,1.0
2023-04-01 04:48:18,-0.005799999999993588,-1.3663999999999987,6.34e-05,-13.313299999999998,13.309200000000004,-7.511999999998409e-05,1.0
2023-04-01 13:19:15,-0.00010000000000331966,-0.4870999999999981,2.9000000000000027e-06,-1.0956000000000188,1.0955000000000155,-5.900000008551842e-07,1.0
2023-04-01 16:43:37,-0.00010000000000331966,-0.1950999999999965,2.9000000000000027e-06,-1.8670999999999935,1.8671999999999969,1.440000000130226e-06,1.0
2023-04-02 06:21:07,-0.0002999999999957481,-0.779200000000003,5.399999999999996e-06,0.13540000000000418,-0.13580000000001746,2.3000000002326715e-06,1.0
2023-04-02 13:09:52,-0.00010000000000331966,-0.3897000000000048,3.299999999999999e-06,-0.5974999999999966,0.5974000000000217,8.200000003455443e-07,1.0
2023-04-02 19:58:37,-0.00010000000000331966,-0.3896999999999764,1.3000000000000045e-06,-0.915600000000012,0.9156999999999869,1.7799999998402427e-06,0.0
2023-04-03 09:36:08,0.0,-0.7787000000000148,-1.3000000000000045e-06,-0.26839999999998554,0.26849999999998886,6.439999999940937e-06,0.0
2023-04-03 09:36:08,0.0,0.0,0.0,0.0,0.0,0.0,0.0
2023-04-04 09:26:45,0.0,-1.3629999999999995,-1.0999999999999996e-06,-0.26310000000000855,0.26320000000001187,6.100000000230921e-06,0.0
2023-04-04 19:39:53,-0.00010000000000331966,-0.5842999999999847,2.699999999999998e-06,-0.030000000000001137,0.029799999999994498,9.099999989103935e-07,1.0
2023-04-04 19:39:53,0.0,0.0,0.0,0.0,0.0,0.0,1.0
2023-04-05 14:23:57,0.0,-1.070999999999998,7.000000000000035e-07,-0.30879999999999086,0.3088000000000193,3.7400000003628975e-06,1.0
2023-04-05 19:30:31,-9.99999999891088e-05,-0.29220000000000823,4.999999999999986e-07,0.041400000000010095,-0.041400000000010095,1.0800000005417587e-06,1.0
2023-04-05 22:54:53,9.99999999891088e-05,-0.194500000000005,-1.999999999999913e-07,0.8817999999999984,-0.8819000000000017,2.499999993688107e-07,1.0
2023-04-05 22:54:53,0.0,0.0,0.0,0.0,0.0,-9.99999905104687e-09,1.0
2023-04-07 07:16:28,0.0007000000000090267,-1.8486000000000047,-1.7000000000000007e-05,5.0948999999999955,-5.094500000000011,-8.419000000081667e-05,1.0
2023-04-07 12:23:02,-0.0002000000000066393,-0.29229999999998313,2.699999999999998e-06,-1.2745000000000175,1.2745000000000175,3.060000000942864e-06,1.0
2023-04-08 12:13:40,-9.99999999891088e-05,-1.3632000000000062,1.5999999999999982e-06,-2.2897999999999854,2.2898999999999887,2.979999999652705e-06,1.0
2023-04-08 12:13:40,0.0,0.0,0.0,0.0,0.0,0.0,1.0
2023-04-09 08:39:55,-0.0004000000000132786,-1.1689000000000078,7.500000000000006e-06,0.3545000000000016,-0.35499999999998977,-1.8800000010088525e-06,0.0
2023-04-09 15:28:41,-9.99999999891088e-05,-0.3897000000000048,1.200000000000002e-06,-2.1137999999999977,2.1140000000000043,3.4600000002882325e-06,0.0
2023-04-09 22:17:26,0.0,-0.3894999999999982,6.00000000000001e-07,-0.24569999999999936,0.24579999999997426,1.210000000639866e-06,0.0
2023-04-10 08:30:34,0.0,-0.5841999999999814,4.999999999999986e-07,0.22219999999998663,-0.22239999999999327,2.8200000006251003e-06,0.0
2023-04-10 18:43:41,-0.00010000000000331966,-0.5843000000000131,1.0999999999999996e-06,-0.7690999999999804,0.7693000000000154,3.0599999991665072e-06,0.0
2023-04-11 11:45:34,0.0,-0.9735000000000014,1.999999999999913e-07,-0.2606000000000108,0.2605999999999824,2.979999999652705e-06,0.0
2023-04-11 18:34:19,-0.00010000000000331966,-0.3896000000000015,6.00000000000001e-07,0.2290999999999883,-0.22919999999999163,1.0100000000790033e-06,0.0
2023-04-12 11:36:12,0.0,-0.9735000000000014,1.0999999999999996e-06,0.9282000000000039,-0.9284000000000106,3.5900000003863397e-06,0.0
2023-04-13 08:02:28,-0.00019999999999242846,-1.1683999999999912,0.0,-0.6983999999999924,0.6985000000000241,5.010000000638115e-06,0.0
2023-04-13 18:15:35,-0.00010000000000331966,-0.5843000000000131,1.0000000000000108e-06,0.08339999999998327,-0.083500000000015,2.0699999989659545e-06,0.0
2023-04-14 11:17:28,-0.00010000000000331966,-0.9736999999999796,1.4999999999999958e-06,-0.5324999999999989,0.5324999999999989,3.7900000009472024e-06,0.0
2023-04-14 21:30:36,-0.00010000000000331966,-0.5842000000000098,-3.9999999999999617e-07,0.08010000000001583,-0.0800999999999874,2.6899999987506362e-06,0.0
2023-04-15 12:50:18,-9.99999999891088e-05,-0.8763000000000147,6.00000000000001e-07,-0.07580000000001519,0.07579999999998677,3.580000001335293e-06,0.0
2023-04-15 21:21:14,0.0,-0.48689999999999145,0.0,0.3126000000000033,-0.3126000000000033,1.7400000000833415e-06,0.0
2023-04-16 05:52:10,0.0,-0.4866999999999848,-1.0999999999999996e-06,0.006600000000020145,-0.006599999999991724,2.549999999601482e-06,0.0
2023-04-16 12:40:55,-0.00010000000000331966,-0.3894999999999982,3.9999999999999617e-07,-0.47640000000001237,0.47640000000001237,1.539999999522479e-06,0.0
2023-04-16 21:11:52,-0.0002000000000066393,-0.4870000000000232,2.9999999999999374e-07,-0.27479999999999905,0.27499999999997726,1.7000000003264404e-06,0.0
2023-04-17 12:31:33,0.0,-0.8762999999999863,7.000000000000035e-07,0.10020000000000095,-0.10030000000000427,3.969999999853258e-06,0.0
2023-04-17 12:31:33,0.0,0.0,0.0,0.0,0.0,0.0,0.0
2023-04-17 21:02:30,-0.00010000000000331966,-0.48689999999999145,2.0000000000000486e-07,-0.19480000000001496,0.19470000000001164,2.1199999995502594e-06,0.0
2023-04-18 10:40:00,0.0,-0.7789000000000215,6.00000000000001e-07,-0.07759999999998968,0.07759999999998968,2.8600000003820014e-06,0.0
2023-04-18 15:46:34,-9.99999999891088e-05,-0.2920999999999765,0.0,0.12129999999999086,-0.12129999999999086,7.699999997612395e-07,0.0
2023-04-18 20:53:08,0.0,-0.2921000000000049,9.999999999998888e-08,-0.19999999999998863,0.20009999999999195,1.2799999993262645e-06,0.0
2023-04-19 12:12:49,0.0,-0.876400000000018,7.000000000000035e-07,-0.03520000000000323,0.03509999999999991,3.7999999999982492e-06,0.0
2023-04-19 20:43:45,-0.00010000000000331966,-0.48679999999998813,2.0000000000000486e-07,-0.4300000000000068,0.43010000000001014,2.4800000009150835e-06,0.0
2023-04-20 05:14:42,0.0,-0.48680000000001655,-1.0000000000000243e-07,-0.04239999999998645,0.04230000000001155,2.049999999087504e-06,0.0
2023-04-20 13:45:38,0.0,-0.48689999999999145,6.00000000000001e-07,0.14240000000000919,-0.14240000000000919,1.7500000009107453e-06,0.0
2023-04-20 20:34:23,0.0,-0.3894999999999982,0.0,-0.22410000000002128,0.22419999999999618,1.34999999978902e-06,1.0
2023-04-21 13:36:16,-0.00010000000000331966,-0.973700000000008,4.999999999999986e-07,-0.09999999999999432,0.099899999999991,3.4600000002882325e-06,1.0
2023-04-21 13:36:16,0.0,0.0,0.0,0.0,0.0,0.0,1.0
2023-04-21 20:25:01,0.0,-0.3896000000000015,2.0000000000000486e-07,0.02240000000000464,-0.022399999999976217,1.5500000003498826e-06,1.0
2023-04-22 01:31:35,-0.00010000000000331966,-0.2920999999999765,2.9999999999999374e-07,-0.540600000000012,0.5406999999999869,7.599999989338357e-07,1.0
2023-04-23 06:28:47,0.0,-1.655300000000011,-1.200000000000002e-06,1.0345000000000084,-1.0346000000000117,-4.418999999877826e-05,1.0
2023-04-23 13:17:32,0.0,-0.3894999999999982,6.00000000000001e-07,-0.16960000000000264,0.16960000000000264,3.399999997100167e-07,1.0
2023-04-23 21:48:28,0.0,-0.48689999999999145,-1.999999999999913e-07,-0.3026999999999873,0.30270000000001573,1.629999999863685e-06,1.0
2023-04-24 14:50:21,-9.99999999891088e-05,-0.9738000000000113,3.9999999999999617e-07,-0.45750000000001023,0.45769999999998845,4.909999999469505e-06,1.0
2023-04-25 12:58:48,-0.00010000000000331966,-1.2658999999999878,2.0000000000000486e-07,-0.2745999999999924,0.2745000000000175,5.390000000105033e-06,0.0
2023-04-26 12:49:26,-0.00010000000000331966,-1.3633000000000095,1.999999999999913e-07,-0.24399999999999977,0.24409999999997467,4.96000000005381e-06,0.0
2023-04-26 21:20:22,0.0,-0.48689999999999145,1.0000000000000243e-07,-0.2845000000000084,0.2845000000000084,1.6099999999852344e-06,0.0
2023-04-27 04:09:07,0.0,-0.3894999999999982,-1.0000000000000243e-07,-0.05930000000000746,0.05940000000001078,1.4999999997655777e-06,0.0
2023-04-27 12:40:03,-0.00010000000000331966,-0.4869000000000199,3.9999999999999617e-07,-0.05169999999998254,0.05169999999998254,1.4000000003733248e-06,0.0
2023-04-28 05:41:56,0.0,-0.9737999999999829,2.0000000000000486e-07,-0.5692999999999984,0.5692999999999984,3.4299999995823782e-06,0.0
2023-04-28 12:30:41,-9.99999999891088e-05,-0.3896000000000015,6.00000000000001e-07,-0.08920000000000528,0.08920000000000528,1.3800000004948743e-06,0.0
2023-04-29 12:21:19,0.0,-1.3633000000000095,-1.0000000000000243e-07,-0.363900000000001,0.3640000000000043,4.320000000390678e-06,0.0
2023-04-29 19:10:04,0.0,-0.3894999999999982,-1.0000000000000243e-07,-0.24639999999999418,0.2464999999999975,1.7899999988912896e-06,0.0
2023-04-30 13:54:08,-0.00010000000000331966,-1.0712000000000046,4.000000000000097e-07,-0.36119999999999663,0.36119999999999663,3.3100000003116747e-06,0.0
2023-04-30 20:42:53,0.0,-0.3894999999999982,0.0,-0.21300000000002228,0.21309999999999718,1.4300000010791791e-06,0.0
2023-05-01 13:44:46,0.0,-0.9738000000000113,4.999999999999986e-07,-0.25979999999998427,0.2598000000000127,3.3699999999470265e-06,0.0
2023-05-01 20:33:31,0.0,-0.3895999999999731,-2.0000000000000486e-07,-0.2084000000000117,0.2084000000000117,1.3799999987185174e-06,0.0
2023-05-01 23:57:53,0.0,-0.19470000000001164,0.0,-0.06789999999998031,0.06799999999998363,7.499999998827889e-07,0.0
2023-05-02 13:35:24,0.0,-0.7790999999999997,0.0,-0.24320000000000164,0.24320000000000164,2.560000000428886e-06,0.0
2023-05-02 20:24:09,0.0,-0.3894999999999982,1.0000000000000243e-07,-0.29510000000001924,0.29519999999999413,1.300000000981072e-06,0.0
2023-05-03 06:37:16,0.0,-0.5843000000000131,6.00000000000001e-07,-0.28959999999997876,0.2896000000000072,2.3099999992837184e-06,0.0
2023-05-03 13:26:01,0.0,-0.3894999999999982,-1.0000000000000243e-07,-0.14100000000001955,0.14099999999999113,1.1700000008829647e-06,0.0
2023-05-03 20:14:46,0.0,-0.3894999999999982,1.0000000000000243e-07,-0.22280000000000655,0.22290000000000987,1.2899999983773114e-06,0.0
2023-05-04 11:34:28,0.0,-0.8763999999999896,4.999999999999986e-07,-0.45599999999998886,0.45599999999998886,3.7700000010687518e-06,0.0
2023-05-04 11:34:28,0.0,0.0,0.0,0.0,0.0,0.0,0.0
2023-05-04 20:05:24,0.00010000000000331966,-0.48689999999999145,-1.0000000000000243e-07,-0.33680000000001087,0.33680000000001087,1.4499999991812729e-06,1.0
2023-05-05 14:49:28,0.0,-1.0712000000000046,0.0,-0.6342999999999961,0.6345000000000027,3.580000001335293e-06,1.0
2023-05-05 19:56:02,0.0,-0.29220000000000823,3.000000000000073e-07,-0.34669999999999845,0.3468000000000018,1.1299999993497067e-06,1.0
2023-05-06 14:40:06,0.0,-1.0712000000000046,-2.0000000000000486e-07,1.119100000000003,-1.119400000000013,-4.428999999994687e-05,1.0
2023-05-07 02:35:25,9.99999999891088e-05,-0.6814999999999998,-8.999999999999948e-07,0.1454999999999984,-0.1453999999999951,3.4099999997039276e-06,1.0
2023-05-07 12:48:32,0.0,-0.584399999999988,1.999999999999913e-07,-0.18680000000000518,0.18680000000000518,2.690000000526993e-06,1.0
2023-05-07 19:37:17,0.0,-0.3894999999999982,0.0,-0.3713999999999942,0.3714999999999975,1.5199999996440283e-06,1.0
2023-05-08 05:50:25,0.0,-0.5842000000000098,2.0000000000000486e-07,-0.2604000000000042,0.2604000000000042,1.7400000000833415e-06,1.0
2023-05-08 21:10:06,0.0,-0.876499999999993,1.0000000000000243e-07,-0.6324999999999932,0.6325999999999965,3.1400000004566664e-06,0.0
2023-05-09 14:11:59,0.00010000000000331966,-0.9738000000000113,0.0,-1.3117000000000019,1.3120000000000118,3.630000000143241e-06,0.0
2023-05-10 14:02:37,0.0,-1.3634000000000128,-6.00000000000001e-07,0.03130000000001587,-0.03120000000001255,5.699999999109195e-06,0.0
2023-05-10 19:09:11,0.0,-0.2921000000000049,1.999999999999913e-07,-0.1845000000000141,0.18440000000001078,1.4299999993028223e-06,0.0
2023-05-10 20:51:22,0.0,-0.09739999999999327,1.0000000000000243e-07,-0.035599999999988086,0.035599999999988086,5.700000009767336e-07,0.0
2023-05-11 13:53:15,0.00010000000000331966,-0.9737999999999829,-7.999999999999923e-07,-0.26840000000001396,0.2685000000000173,3.1299999996292627e-06,0.0
2023-05-11 20:42:00,0.0,-0.3894999999999982,9.999999999998888e-08,-0.2926999999999964,0.2927999999999997,1.5500000003498826e-06,0.0
2023-05-12 12:01:41,0.0,-0.8763999999999896,-5.999999999999875e-07,-0.30349999999998545,0.30359999999998877,3.1499999995077133e-06,0.0
2023-05-12 15:26:04,0.00010000000000331966,-0.19479999999998654,-1.0000000000000243e-07,-0.4007000000000005,0.4008000000000038,9.199999997377972e-07,0.0
2023-05-12 23:57:00,0.0,-0.48680000000001655,0.0,-0.555800000000005,0.5558999999999799,2.1700000001345643e-06,1.0
2023-05-13 13:34:30,9.99999999891088e-05,-0.7790999999999997,-4.000000000000097e-07,-0.3196000000000083,0.3196000000000083,1.8800000010088525e-06,1.0
2023-05-13 22:05:26,0.0,-0.48680000000001655,3.000000000000073e-07,-0.016799999999989268,0.016899999999992588,2.2199999989425123e-06,1.0
2023-05-14 06:36:23,0.0,-0.48699999999999477,6.00000000000001e-07,-0.6092000000000155,0.6092000000000155,9.42000000137e-06,1.0
2023-05-14 13:25:08,-0.0002999999999957481,-0.38929999999999154,-3.4000000000000013e-06,-1.494499999999988,1.4950000000000045,-1.1380000000116297e-05,1.0
2023-05-14 20:13:53,0.00039999999999906777,-0.3897000000000048,3.299999999999999e-06,0.8714999999999975,-0.8718000000000075,5.469999999618835e-06,1.0
2023-05-15 11:33:34,0.00010000000000331966,-0.8763999999999896,-2.9999999999999374e-07,-0.09770000000000323,0.09770000000000323,4.060000000194464e-06,1.0
2023-05-15 13:15:45,0.0,-0.09730000000001837,-2.0000000000000486e-07,0.230700000000013,-0.230700000000013,5.099999995650251e-07,1.0
2023-05-15 16:40:08,0.0,-0.19479999999998654,2.0000000000000486e-07,-0.565700000000021,0.5658000000000243,7.199999991769346e-07,1.0
2023-05-16 13:06:23,0.00019999999999242846,-1.1684999999999945,-6.00000000000001e-07,-1.0707999999999913,1.0710999999999729,2.8100000015740534e-06,1.0
2023-05-16 21:37:19,0.0,-0.48680000000001655,-1.0000000000000243e-07,0.5355999999999881,-0.5357999999999947,1.9899999994521522e-06,1.0
2023-05-16 21:37:19,0.0,0.0,0.0,0.0,0.0,0.0,1.0
2023-05-17 21:27:57,0.0002000000000066393,-1.3632000000000062,-9.999999999999972e-07,-0.7884999999999991,0.7887000000000057,4.000000000559112e-06,1.0
2023-05-18 04:16:42,0.0002000000000066393,-0.3894999999999982,-4.30000000000001e-06,1.531800000000004,-1.5319000000000074,-8.945000000082359e-05,1.0
2023-05-18 12:47:38,0.0,-0.48699999999999477,9.000000000000083e-07,-0.2102999999999895,0.2102000000000146,-1.0800000005417587e-06,1.0
2023-05-18 23:00:46,0.0,-0.5842000000000098,6.999999999999899e-07,-0.039299999999997226,0.039299999999997226,2.9000000001389026e-06,1.0
2023-05-19 09:13:54,9.99999999891088e-05,-0.5842000000000098,-7.999999999999923e-07,-0.14610000000001833,0.14619999999999322,1.2600000012241708e-06,1.0
2023-05-19 22:51:24,0.00010000000000331966,-0.7789000000000215,4.999999999999986e-07,-0.7055999999999756,0.7058000000000106,2.7799999990918423e-06,1.0
2023-05-20 10:46:43,0.00010000000000331966,-0.6816000000000031,-4.999999999999986e-07,-0.2528000000000077,0.2528000000000077,2.840000000503551e-06,1.0
2023-05-20 22:42:02,0.0,-0.6816000000000031,-2.0000000000000486e-07,-0.5956999999999937,0.595799999999997,2.600000000185787e-06,0.0
2023-05-21 14:01:44,0.00010000000000331966,-0.8763999999999896,-4.999999999999986e-07,-0.8925000000000125,0.8926999999999907,2.8599999986056446e-06,0.0
2023-05-21 17:26:06,9.99999999891088e-05,-0.19470000000001164,3.9999999999999617e-07,-0.31039999999998713,0.31039999999998713,6.200000015610385e-07,0.0
2023-05-21 22:32:40,0.0,-0.2921000000000049,-9.999999999998888e-08,-0.15210000000001855,0.1523000000000252,1.4399999983538692e-06,0.0
2023-05-22 12:10:10,0.00010000000000331966,-0.7789000000000215,-8.000000000000059e-07,-0.37340000000000373,0.3733999999999753,2.780000000868199e-06,0.0
2023-05-22 22:23:18,0.0,-0.5842000000000098,-1.0000000000000243e-07,-0.24289999999999168,0.24300000000002342,1.949999999695251e-06,0.0
2023-05-23 01:47:41,0.00010000000000331966,-0.19470000000001164,-1.999999999999913e-07,0.0002000000000066393,-0.00030000000000995897,5.200000003924288e-07,0.0
2023-05-23 22:13:56,0.00010000000000331966,-1.1684000000000196,-6.00000000000001e-07,-0.9867000000000132,0.9869999999999948,3.809999999049296e-06,0.0
2023-05-24 03:20:30,0.0,-0.2921000000000049,0.0,-0.1670000000000016,0.1670000000000016,7.200000009532914e-07,0.0
2023-05-24 15:15:49,9.99999999891088e-05,-0.6816000000000031,-4.000000000000097e-07,-0.3061999999999898,0.30629999999999313,1.9800000004011054e-06,0.0
2023-05-25 13:24:15,0.0002000000000066393,-1.265800000000013,-9.999999999999972e-07,-0.8772999999999911,0.8774999999999977,4.679999999979145e-06,0.0
2023-05-25 16:48:38,0.0,-0.19470000000001164,1.0000000000000243e-07,-0.2652999999999963,0.2652999999999963,7.8999999963969e-07,0.0
2023-05-25 21:55:12,0.0,-0.2921000000000049,-2.0000000000000486e-07,-0.2021000000000015,0.20220000000000482,9.100000006867504e-07,0.0
2023-05-26 13:14:53,0.00010000000000331966,-0.8763000000000147,-1.0999999999999996e-06,0.17189999999999372,-0.17189999999999372,2.5399999987740784e-06,0.0
2023-05-26 21:45:50,0.00010000000000331966,-0.4866999999999848,-2.9999999999999374e-07,-0.25970000000000937,0.2598000000000127,1.5100000005929815e-06,0.0
2023-05-27 04:34:35,9.99999999891088e-05,-0.3894999999999982,-1.0000000000000243e-07,-0.3739999999999952,0.3739999999999952,7.300000000043383e-07,0.0
2023-05-27 21:36:28,0.00010000000000331966,-0.9736000000000047,-8.000000000000059e-07,-0.563999999999993,0.5641999999999996,3.3599999991196228e-06,0.0
2023-05-28 06:07:24,0.00010000000000331966,-0.48680000000001655,-3.9999999999999617e-07,-0.19110000000000582,0.19110000000000582,1.7400000000833415e-06,0.0
2023-05-28 11:13:58,0.0,-0.2921000000000049,-2.9999999999999374e-07,-0.33269999999998845,0.33279999999999177,1.1200000002986599e-06,0.0
2023-05-28 21:27:05,0.00010000000000331966,-0.5842000000000098,0.0,-0.6794000000000153,0.6794999999999902,2.7600000009897485e-06,0.0
2023-05-29 12:46:47,9.99999999891088e-05,-0.876199999999983,-6.00000000000001e-07,-0.47980000000001155,0.47990000000001487,2.36999999891907e-06,0.0
2023-05-29 16:11:09,0.00010000000000331966,-0.19470000000001164,0.0,-0.23939999999998918,0.2394999999999925,7.000000010748408e-07,0.0
2023-05-29 21:17:43,0.0,-0.2921000000000049,-1.0000000000000243e-07,-0.2744999999999891,0.2744999999999891,8.199999985691875e-07,0.0
2023-05-30 14:19:36,0.0002000000000066393,-0.9735999999999763,-8.000000000000059e-07,-0.3614000000000033,0.3615000000000066,2.650000000770092e-06,0.0
2023-05-30 19:26:10,0.0,-0.2921000000000049,-1.999999999999913e-07,-0.17969999999999686,0.17969999999999686,9.599999994946984e-07,0.0
2023-05-30 21:08:21,0.0,-0.09730000000001837,-2.0000000000000486e-07,0.02729999999999677,-0.02719999999999345,4.000000011217253e-07,0.0
2023-05-31 14:10:14,0.00019999999999242846,-0.9735999999999763,-1.0999999999999996e-06,-0.5536999999999921,0.5536999999999921,3.299999999484271e-06,0.0
2023-05-31 20:58:59,0.0,-0.3894000000000233,-4.999999999999986e-07,0.09549999999998704,-0.09549999999998704,1.6099999999852344e-06,0.0
2023-06-01 02:05:32,0.00010000000000331966,-0.2921000000000049,-2.0000000000000486e-07,-0.22499999999999432,0.22509999999999764,7.399999990553852e-07,0.0
2023-06-01 10:36:29,0.0,-0.48680000000001655,-3.9999999999999617e-07,-0.42610000000001946,0.42619999999999436,1.9800000004011054e-06,1.0
2023-06-01 20:49:36,0.00010000000000331966,-0.5841000000000065,-2.9999999999999374e-07,-0.7723999999999762,0.772500000000008,1.9800000004011054e-06,1.0
2023-06-02 05:20:33,0.0,-0.48689999999999145,0.0,0.07899999999997931,-0.07900000000000773,5.400000002708794e-07,1.0
2023-06-02 05:20:33,0.0,0.0,0.0,0.0,0.0,0.0,1.0
2023-06-03 10:17:45,0.00019999999999242846,-1.6550000000000011,3.9999999999999617e-07,-0.07450000000000045,0.07450000000000045,-4.5509999999637785e-05,1.0
2023-06-03 13:42:07,0.0,-0.19470000000001164,1.0000000000000243e-07,-0.30230000000000246,0.3024000000000058,4.899999996865745e-07,1.0
2023-06-03 22:13:03,0.00010000000000331966,-0.48679999999998813,-8.000000000000059e-07,-0.14769999999998618,0.14769999999998618,1.4099999994243717e-06,1.0
2023-06-04 13:32:45,0.00010000000000331966,-0.8762000000000114,-7.000000000000035e-07,-0.1786999999999921,0.1787000000000205,3.4200000005313314e-06,1.0
2023-06-04 20:21:30,0.0,-0.38939999999999486,-9.999999999998888e-08,-0.052900000000022374,0.05299999999999727,5.499999993219262e-07,1.0
2023-06-04 22:03:41,0.0,-0.09739999999999327,0.0,-0.5168999999999926,0.5169999999999959,7.499999998827889e-07,1.0
2023-06-05 13:23:23,0.00010000000000331966,-0.8762000000000114,-9.000000000000083e-07,-0.7221999999999866,0.72229999999999,3.1800000002135675e-06,0.0
2023-06-05 20:12:08,0.0,-0.38939999999999486,-3.9999999999999617e-07,-0.14300000000000068,0.14300000000000068,1.7799999998402427e-06,0.0
2023-06-06 01:18:42,9.99999999891088e-05,-0.2920000000000016,-2.0000000000000486e-07,-0.19060000000001764,0.19070000000002096,8.400000002239949e-07,0.0
2023-06-06 11:31:50,0.0,-0.5842000000000098,-6.00000000000001e-07,-0.4953999999999894,0.4954999999999927,2.180000000961968e-06,0.0
2023-06-06 20:02:46,0.0,-0.4866999999999848,0.0,-0.23210000000000264,0.23210000000000264,2.0599999999149077e-06,0.0
2023-06-07 02:51:31,0.00010000000000331966,-0.3894000000000233,-1.999999999999913e-07,-0.04429999999999268,0.04429999999999268,9.299999987888441e-07,0.0
2023-06-07 13:04:39,0.0,-0.5840999999999781,-6.00000000000001e-07,-0.3032000000000039,0.30330000000000723,1.940000000644204e-06,0.0
2023-06-07 21:35:35,0.00010000000000331966,-0.4866999999999848,-8.000000000000059e-07,0.06970000000001164,-0.06970000000001164,1.8900000000598993e-06,0.0
2023-06-08 11:13:05,0.00010000000000331966,-0.7789000000000215,-7.999999999999923e-07,-0.45300000000000296,0.4531000000000063,2.7199999994564905e-06,0.0
2023-06-08 12:55:17,0.0,-0.09729999999998995,-1.0000000000000243e-07,-0.1033000000000186,0.10329999999999018,2.700000010236181e-07,0.0
2023-06-08 14:37:28,0.0,-0.09739999999999327,1.999999999999913e-07,0.05160000000000764,-0.05160000000000764,4.599999989807202e-07,0.0
2023-06-09 11:03:43,9.99999999891088e-05,-1.168200000000013,-1.3999999999999934e-06,-0.8311999999999955,0.8313000000000272,3.660000000849095e-06,0.0
2023-06-09 17:52:28,0.0,-0.38929999999999154,2.9999999999999374e-07,-0.5314999999999941,0.5315999999999974,1.5099999988166246e-06,0.0
2023-06-09 19:34:39,0.00010000000000331966,-0.09739999999999327,0.0,-0.22730000000001382,0.22739999999998872,1.9000000150981577e-07,0.0
2023-06-10 12:36:32,0.00010000000000331966,-0.9735000000000014,-1.4999999999999958e-06,-0.3667999999999836,0.366800000000012,3.2899999986568673e-06,0.0
2023-06-10 19:25:17,0.0,-0.38929999999999154,-2.9999999999999374e-07,-0.2318000000000211,0.231899999999996,1.6499999997421355e-06,0.0
2023-06-10 21:07:28,0.0,-0.09739999999999327,-4.000000000000097e-07,0.059899999999998954,-0.059899999999998954,3.3000000065896984e-07,0.0
2023-06-11 12:27:10,0.00010000000000331966,-0.876199999999983,-3.9999999999999617e-07,-0.463799999999992,0.463799999999992,3.539999999802035e-06,0.0
2023-06-11 20:58:06,9.99999999891088e-05,-0.4866999999999848,-7.000000000000035e-07,-0.2715000000000032,0.2716000000000065,1.720000000204891e-06,0.0
2023-06-12 03:46:51,0.0,-0.3894000000000233,-2.9999999999999374e-07,-0.03860000000000241,0.03860000000000241,1.1099999994712562e-06,0.0
2023-06-12 12:17:48,0.0,-0.4866999999999848,-4.999999999999986e-07,-0.20689999999999031,0.20699999999999363,1.390000001322278e-06,0.0
2023-06-12 20:48:44,0.00010000000000331966,-0.48680000000001655,-2.0000000000000486e-07,-0.4906000000000006,0.4906000000000006,1.7499999991343884e-06,0.0
2023-06-13 12:08:25,0.00010000000000331966,-0.8761000000000081,-9.999999999999972e-07,-0.7240999999999929,0.7241999999999962,2.3300000009385258e-06,0.0
2023-06-13 20:39:22,0.0,-0.4866999999999848,-6.00000000000001e-07,-0.3679000000000201,0.367999999999995,1.5699999984519764e-06,0.0
2023-06-14 11:59:03,0.0,-0.876199999999983,-1.200000000000002e-06,-0.24689999999998236,0.24690000000001078,3.020000001185963e-06,0.0
2023-06-14 18:47:48,0.0,-0.3894000000000233,0.0,-0.30299999999999727,0.30299999999999727,1.4600000000086766e-06,0.0
2023-06-14 18:47:48,0.00010000000000331966,0.0,0.0,-0.056200000000018235,0.05629999999999313,-9.000000034120603e-08,0.0
2023-06-15 13:31:52,0.0,-1.0707999999999913,-1.0999999999999996e-06,-0.5464999999999804,0.5466000000000122,3.480000000166683e-06,0.0
2023-06-15 18:38:26,0.0,-0.2921000000000049,-3.9999999999999617e-07,-0.13460000000000605,0.13459999999997763,1.0499999998359044e-06,0.0
2023-06-16 01:27:11,0.00010000000000331966,-0.38939999999999486,-3.000000000000073e-07,-0.13859999999999673,0.13860000000002515,1.3100000000321188e-06,1.0
2023-06-16 11:40:18,0.0,-0.5841000000000065,-6.999999999999899e-07,-0.3608000000000118,0.3608999999999867,2.6200000000642376e-06,1.0
2023-06-16 18:29:03,0.0,-0.38929999999999154,-4.999999999999986e-07,-0.24150000000000205,0.24150000000000205,1.250000000396767e-06,1.0
2023-06-17 09:48:45,0.0,-0.8762000000000114,1.999999999999913e-07,3.270200000000017,-3.270700000000005,-9.668000000040422e-05,1.0
2023-06-17 11:30:56,0.0,-0.09739999999999327,-1.0000000000000243e-07,-0.04550000000000409,0.04550000000000409,6.199999997846817e-07,1.0
2023-06-17 20:01:53,0.0,-0.4866999999999848,-9.999999999999972e-07,0.09530000000000882,-0.09530000000000882,2.3500000008169764e-06,1.0
2023-06-18 07:57:12,0.0,-0.6813999999999965,-1.3000000000000045e-06,0.04969999999997299,-0.04970000000000141,1.4299999993028223e-06,1.0
2023-06-18 18:10:19,9.99999999891088e-05,-0.5841000000000065,-3.9999999999999617e-07,-0.39119999999999777,0.3913000000000011,1.6400000006910886e-06,1.0
2023-06-18 19:52:31,0.0,-0.09730000000001837,-1.0000000000000243e-07,0.13220000000001164,-0.13229999999998654,1.8999999973345894e-07,1.0
2023-06-19 12:54:24,0.0,-0.9735000000000014,-1.3999999999999934e-06,-0.433400000000006,0.4335000000000093,3.079999999044958e-06,1.0
2023-06-19 19:43:09,0.0,-0.3894000000000233,-7.000000000000035e-07,0.19249999999999545,-0.19259999999999877,9.70000000322102e-07,1.0
2023-06-20 04:14:05,0.0,-0.4866999999999848,2.0000000000000486e-07,-0.6265999999999963,0.6266999999999996,4.7199999997360464e-06,0.0
2023-06-20 11:02:50,0.0,-0.38939999999999486,-4.999999999999986e-07,-0.37639999999998963,0.37649999999999295,1.4500000009576297e-06,0.0
2023-06-20 21:15:58,0.0,-0.5840000000000032,-8.000000000000059e-07,0.29470000000000596,-0.29470000000000596,2.4899999999661304e-06,0.0
2023-06-21 10:53:29,0.0,-0.7787999999999897,-7.999999999999923e-07,-0.2616000000000156,0.2615999999999872,3.0399999992880566e-06,0.0
2023-06-21 12:35:40,0.0,-0.09739999999999327,0.0,-0.07689999999999486,0.07690000000002328,4.499999999296733e-07,0.0
2023-06-21 19:24:25,0.0,-0.38929999999999154,-3.000000000000073e-07,-0.3340000000000032,0.33399999999997476,1.160000000055561e-06,0.0
2023-06-22 19:15:03,0.0,-1.3628999999999962,-7.999999999999923e-07,-0.04720000000000368,0.04720000000000368,6.649999999552847e-06,0.0
2023-06-24 01:54:26,0.00010000000000331966,-1.7522000000000162,-1.5000000000000094e-06,-0.3516999999999939,0.35170000000002233,6.380000000305586e-06,0.0
2023-06-25 03:27:15,0.0,-1.460300000000018,-1.0999999999999996e-06,-1.0480000000000018,1.04819999999998,5.700000000885552e-06,0.0
2023-06-26 08:24:27,0.0,-1.6550000000000011,-2.400000000000004e-06,-0.004099999999993997,0.004099999999993997,6.169999998917319e-06,0.0
2023-06-27 09:57:16,0.0,-1.4601999999999862,-1.6999999999999871e-06,-0.03249999999999886,0.032500000000027285,4.910000001245862e-06,0.0
2023-06-28 16:36:39,0.0,-1.7523999999999944,-4.000000000000097e-07,-0.41679999999999495,0.41679999999999495,5.800000000277805e-06,0.0
2023-06-29 18:09:28,-0.00010000000000331966,-1.4602999999999895,-8.999999999999948e-07,-0.22840000000002192,0.22849999999999682,5.18999999954417e-06,0.0
2023-07-01 04:13:14,0.0,-1.947100000000006,-2.0000000000000486e-07,0.8862000000000023,-0.886400000000009,-4.840999999977669e-05,1.0
2023-07-02 09:10:26,0.0,-1.6550000000000011,-2.1999999999999993e-06,0.08310000000000173,-0.08310000000000173,4.469999998590879e-06,1.0
2023-07-03 10:43:15,0.0,-1.460300000000018,-1.2999999999999977e-06,0.2886000000000024,-0.2886000000000024,5.1800000004931235e-06,1.0
2023-07-04 15:40:27,0.0,-1.6550000000000011,-9.999999999999972e-07,-0.1314999999999884,0.13150000000001683,6.570000000039045e-06,0.0
2023-07-05 17:13:16,0.0,-1.4602999999999895,-1.600000000000005e-06,0.5888999999999953,-0.5889999999999986,5.200000000371574e-06,0.0
2023-07-06 18:46:05,0.0,-1.460300000000018,-1.4999999999999958e-06,0.3838000000000079,-0.3838000000000079,4.750000000441901e-06,0.0
2023-07-07 20:18:54,0.0,-1.4602999999999895,-1.800000000000003e-06,0.7306999999999846,-0.7308000000000163,4.969999999104857e-06,0.0
2023-07-09 04:40:29,0.0,-1.849800000000016,-1.7000000000000007e-06,0.6605000000000132,-0.6604999999999848,5.919999999548509e-06,0.0
2023-07-10 13:02:03,0.0,-1.849800000000016,-4.999999999999986e-07,0.8569999999999993,-0.8571000000000026,5.630000000422797e-06,1.0
2023-07-11 04:21:57,0.0,-0.876499999999993,0.0012583000000000002,-107.92760000000001,108.07039999999995,-0.02818646999999963,1.0
2023-07-14 11:06:00,0.0,-4.448700000000002,-0.0012539,91.3605,-91.50209999999998,-0.06404586999999928,1.0
2023-07-15 11:06:03,0.00010000000000331966,-1.3508999999999958,-7.699999999999997e-06,-7.286699999999996,7.2871000000000095,7.8999999963969e-07,1.0
2023-07-16 19:40:24,0.0,-1.8336999999999932,3.000000000000005e-07,-0.46340000000000714,0.46340000000000714,2.7599999992133917e-06,1.0
2023-07-18 02:32:02,-0.00010000000000331966,-1.7373000000000047,2.1999999999999993e-06,-7.058300000000003,7.0589999999999975,-0.005057400000000101,1.0
2023-07-19 02:32:36,0.00010000000000331966,-1.350200000000001,1.0999999999999996e-06,-0.27649999999999864,0.27660000000000196,4.38000000002603e-06,1.0
2023-07-20 17:59:14,0.00010000000000331966,-2.2187000000000126,1.8999999999999987e-06,-3.8285999999999945,3.8290999999999826,2.4300000003307787e-06,1.0
2023-07-24 12:52:39,0.00019999999999242846,-5.11269999999999,-1.31e-05,-5.534699999999987,5.5341999999999985,0.0004179999999998074,0.0
2023-07-25 12:53:10,0.0,-1.3505999999999858,-9.999999999999565e-08,-3.963300000000004,3.9635000000000105,1.710000001153844e-06,0.0
2023-07-26 12:53:42,0.00010000000000331966,-1.3505999999999858,-6.00000000000001e-07,-1.891600000000011,1.891600000000011,1.7599999999617921e-06,0.0
2023-07-26 21:28:10,0.0,-0.4823000000000093,-9.000000000000015e-07,0.00929999999999609,-0.009399999999999409,5.800000000277805e-07,0.0
2023-07-27 11:11:19,0.00010000000000331966,-0.7717999999999847,-4.0000000000000295e-07,-1.6111999999999966,1.6113,1.0299999999574538e-06,0.0
2023-07-27 12:54:13,0.0,-0.09640000000001692,-9.999999999999565e-08,-0.19039999999998258,0.19039999999998258,5.999999963535174e-08,0.0
2023-07-27 21:28:41,0.0,-0.4823999999999842,-6.00000000000001e-07,-0.9661000000000115,0.9661000000000115,6.399999996631323e-07,0.0
2023-07-28 11:11:50,0.00010000000000331966,-0.7717000000000098,1.0000000000000243e-07,-1.2909999999999968,1.2909999999999968,5.699999992003768e-07,0.0
2023-07-28 12:54:44,0.0,-0.09649999999999181,0.0,0.02179999999998472,-0.021700000000009823,3.000000070585429e-08,0.0
2023-07-29 11:12:22,9.99999999891088e-05,-1.2539999999999907,-1.0000000000000243e-07,-0.383199999999988,0.3832000000000164,1.669999999620586e-06,0.0
2023-07-30 11:12:53,0.00010000000000331966,-1.350500000000011,3.000000000000005e-07,-1.3958999999999833,1.3959999999999866,1.9200000007657536e-06,0.0
2023-07-31 11:13:24,0.00010000000000331966,-1.3504000000000076,1.0999999999999996e-06,-1.7267999999999972,1.7269000000000005,1.8700000001814487e-06,0.0
2023-08-01 18:05:30,0.00019999999999242846,-1.7363,1.0999999999999996e-06,-0.7755999999999972,0.7758000000000038,1.6499999997421355e-06,0.0
2023-08-02 18:06:01,0.00010000000000331966,-1.350500000000011,9.000000000000015e-07,-0.045099999999990814,0.045199999999994134,2.0299999992090534e-06,0.0
2023-08-03 18:06:32,0.00010000000000331966,-1.350500000000011,1.0999999999999996e-06,-1.419700000000006,1.4199000000000126,1.6499999997421355e-06,0.0
2023-08-04 18:07:03,0.00010000000000331966,-1.3504000000000076,-4.999999999999986e-07,-1.0369000000000028,1.0367999999999995,1.6000000009341875e-06,0.0
2023-08-05 18:07:34,0.00010000000000331966,-1.350500000000011,-1.5000000000000026e-06,-0.5573999999999728,0.5572999999999979,2.190000000013015e-06,0.0
2023-08-06 18:08:05,9.99999999891088e-05,-1.3504000000000076,-1.4000000000000001e-06,-0.3451000000000022,0.34499999999999886,1.5599999994009295e-06,0.0
2023-08-07 19:51:30,0.0002000000000066393,-1.4468999999999994,-1.200000000000002e-06,-1.9936999999999898,1.9935999999999865,1.8199999995971439e-06,0.0
2023-08-09 01:00:42,0.00019999999999242846,-1.6397000000000048,-1.9999999999999809e-07,-3.0061000000000035,3.006200000000007,2.050000000863861e-06,0.0
2023-08-10 02:44:07,0.0002000000000066393,-1.446799999999996,6.00000000000001e-07,-2.182799999999986,2.1829999999999927,8.799999999808961e-07,0.0
2023-08-11 02:44:38,0.00010000000000331966,-1.3503000000000043,4.999999999999986e-07,-0.8979999999999961,0.8980999999999995,1.1499999992281573e-06,0.0
2023-08-12 02:45:09,9.99999999891088e-05,-1.3501999999999725,9.000000000000015e-07,-0.6611000000000047,0.6611000000000047,1.4900000007145309e-06,0.0
2023-08-13 02:45:40,0.00010000000000331966,-1.3502000000000294,1.0999999999999996e-06,-1.136099999999999,1.1362000000000023,8.700000009298492e-07,0.0
2023-08-14 02:46:11,0.00010000000000331966,-1.3503000000000043,-6.00000000000001e-07,0.09420000000000073,-0.09420000000000073,1.8999999991109462e-06,0.0
2023-08-15 09:38:17,0.00010000000000331966,-1.73599999999999,-1.8999999999999987e-06,0.18479999999999563,-0.18500000000000227,2.639999999942688e-06,0.0
2023-08-16 11:21:41,0.00019999999999242846,-1.4465999999999894,-1.5000000000000026e-06,-0.9660000000000082,0.9659000000000049,1.1299999993497067e-06,0.0
2023-08-17 11:22:12,0.0,-1.3502000000000294,-6.999999999999967e-07,-2.0867000000000075,2.0866000000000042,1.670000001396943e-06,0.0
2023-08-18 19:57:12,0.0002000000000066393,-1.83239999999995,-1.4000000000000001e-06,-2.662399999999991,2.6622999999999877,1.2299999987419596e-06,0.0
2023-08-19 19:57:43,0.00010000000000331966,-1.3502000000000294,-9.000000000000015e-07,-1.3233000000000175,1.3233000000000175,1.990000001228509e-06,0.0
2023-08-21 02:49:48,0.0,-1.735900000000015,3.000000000000005e-07,-1.3097999999999956,1.3097999999999672,1.3399999989616163e-06,0.0
2023-08-22 02:50:19,0.0,-1.3501999999999725,1.9999999999999809e-07,-0.8795000000000073,0.879600000000039,1.669999999620586e-06,0.0
2023-08-23 11:25:18,9.99999999891088e-05,-1.832300000000032,9.000000000000015e-07,-1.5023999999999944,1.502399999999966,2.2600000004757703e-06,0.0
2023-08-24 18:17:24,-9.99999999891088e-05,-1.7358999999999583,-9.000000000000015e-07,0.4305999999999983,-0.4305999999999699,2.2499999996483666e-06,0.0
2023-08-24 20:00:18,0.0,-0.09640000000001692,-1.9999999999999809e-07,0.07240000000001601,-0.07240000000001601,6.000000141170858e-08,0.0
2023-08-25 13:09:14,0.0,-0.9644000000000119,-7.000000000000035e-07,-0.934899999999999,0.9347999999999956,1.1299999993497067e-06,1.0
2023-08-25 18:17:55,0.0,-0.2892999999999688,-4.999999999999986e-07,-0.0036000000000058208,0.003500000000030923,2.0000000056086265e-07,1.0
2023-08-25 21:43:42,0.0,-0.19290000000000873,-9.999999999999565e-08,-0.28640000000001464,0.2863999999999578,2.299999994903601e-07,1.0
2023-08-26 13:09:45,0.0,-0.8679000000000201,-4.500000000000004e-06,-3.9235999999999933,3.9231000000000336,-4.831999999943548e-05,1.0
2023-08-26 18:18:26,-0.00010000000000331966,-0.2892999999999688,-5.999999999999976e-07,0.10450000000000159,-0.10450000000003001,9.599999994946984e-07,1.0
2023-08-26 21:44:13,0.0,-0.19290000000000873,3.299999999999999e-06,4.209800000000001,-4.209499999999991,-9.500000004436515e-07,1.0
2023-08-27 09:44:29,0.0,-0.6750999999999863,-6.00000000000001e-07,-0.8353000000000179,0.8353000000000179,1.4999999997655777e-07,1.0
2023-08-27 18:18:57,0.0,-0.4822000000000344,-8.999999999999982e-07,0.3797999999999888,-0.37990000000002055,4.499999999296733e-07,1.0
2023-08-27 21:44:45,0.0,-0.19290000000000873,1.9999999999999809e-07,-0.06940000000000168,0.0694000000000301,1.0000000116860974e-07,1.0
2023-08-28 18:19:28,-0.00010000000000331966,-1.157199999999989,-8.999999999999982e-07,-3.3470000000000084,3.346900000000005,3.8999999851796474e-07,1.0
2023-08-28 20:02:22,0.0,-0.09649999999999181,0.0,-0.0870999999999924,0.08709999999996398,3.999999975690116e-08,1.0
2023-08-29 18:20:00,0.0,-1.2536999999999807,-2.000000000000001e-06,-2.5220999999999947,2.5219000000000165,3.0000000013075123e-06,0.0
2023-08-29 21:45:47,0.0,-0.19290000000000873,-9.999999999999904e-08,-0.20570000000000732,0.2056999999999789,9.99999993922529e-08,0.0
2023-08-30 18:20:31,0.0,-1.157199999999989,-6.00000000000001e-07,-1.6898999999999944,1.689799999999991,1.210000000639866e-06,0.0
2023-08-30 20:03:25,0.0,-0.09650000000004866,9.999999999999904e-08,-0.3569999999999993,0.35700000000002774,3.1999999983156613e-07,0.0
2023-08-31 18:21:02,-0.00010000000000331966,-1.2537999999999556,5.00000000000002e-07,-0.23959999999999582,0.23959999999999582,1.3899999995459211e-06,0.0
2023-08-31 21:46:49,0.0,-0.19290000000000873,9.999999999999904e-08,-0.4228999999999985,0.4230000000000018,-1.999999987845058e-08,0.0
2023-09-01 13:12:52,0.0,-0.8679000000000201,4.999999999999986e-07,0.4200999999999908,-0.4200999999999908,6.900000002474371e-07,0.0
2023-09-01 20:04:27,-0.00010000000000331966,-0.38580000000001746,3.000000000000005e-07,-0.3412000000000148,0.3412999999999897,4.699999998081239e-07,0.0
2023-09-01 20:04:27,0.0,0.0,0.0,0.0,0.0,0.0,0.0
2023-09-02 13:13:24,0.0,-0.9643999999999551,1.0000000000000243e-07,1.5922999999999945,-1.592300000000023,1.9800000004011054e-06,0.0
2023-09-02 21:47:52,-9.99999999891088e-05,-0.4822000000000344,9.999999999999904e-08,-0.5300000000000011,0.5300000000000296,2.3399999999895726e-06,0.0
2023-09-03 01:13:39,0.0,-0.19290000000000873,9.999999999999904e-08,0.3803000000000054,-0.380299999999977,-1.0100000000790033e-06,0.0
2023-09-03 13:13:55,-0.00010000000000331966,-0.6750999999999863,-7.999999999999991e-07,0.129099999999994,-0.12920000000002574,1.440000000130226e-06,0.0
2023-09-04 01:14:10,0.0,-0.6750999999999863,-3.9999999999999956e-07,-0.9749999999999943,0.9750000000000227,5.499999993219262e-07,0.0
2023-09-04 13:14:26,-0.00010000000000331966,-0.6750999999999863,-6.00000000000001e-07,0.08690000000001419,-0.08700000000004593,2.0999999961190952e-07,0.0
2023-09-05 04:40:29,-0.00010000000000331966,-0.867999999999995,-4.999999999999986e-07,-0.6381000000000085,0.6381000000000085,1.2900000001536682e-06,0.0
2023-09-05 13:14:57,-9.99999999891088e-05,-0.4822000000000344,-1.0000000000000006e-06,0.047300000000007,-0.04750000000001364,6.600000013179397e-07,0.0
2023-09-06 11:32:34,-0.00010000000000331966,-1.2538000000000125,-1.4999999999999992e-06,-0.8220000000000027,0.8219000000000278,2.6199999982878808e-06,0.0
2023-09-06 11:32:34,0.0,0.0,0.0,0.0,0.0,0.0,0.0
2023-09-06 20:07:03,-0.00010000000000331966,-0.48219999999997754,-8.000000000000025e-07,-1.3546999999999798,1.354600000000005,7.100000001258877e-07,0.0
2023-09-07 13:15:59,-0.00010000000000331966,-0.9644000000000119,-1.1999999999999987e-06,-1.6688000000000045,1.6687000000000012,0.0,0.0
2023-09-07 18:24:40,0.0,-0.2892999999999688,-3.9999999999999956e-07,-0.9927000000000135,0.9925999999999817,2.400000003177638e-07,0.0
2023-09-07 20:07:34,0.0,-0.09649999999999181,-9.999999999999904e-08,0.08660000000000423,-0.08659999999997581,2.2000000043931323e-07,0.0
2023-09-08 13:16:30,-9.99999999891088e-05,-0.9644000000000119,-7.000000000000001e-07,0.14560000000000173,-0.14570000000003347,7.800000005886432e-07,0.0
2023-09-08 21:50:59,-0.00010000000000331966,-0.4822000000000344,9.999999999999904e-08,-0.568300000000022,0.568300000000022,3.29999998882613e-07,0.0
2023-09-09 02:59:39,0.0,-0.28940000000000055,-3.9999999999999956e-07,-1.4653999999999883,1.4653999999999883,5.999999999062311e-07,0.0
2023-09-09 13:17:01,0.0,-0.5785999999999945,-3.000000000000005e-07,-3.0039999999999907,3.0038999999999874,8.30000001172948e-07,0.0
2023-09-10 03:00:11,-0.00010000000000331966,-0.7715999999999781,1.9999999999999809e-07,-0.9977999999999838,0.9978000000000407,1.3199999990831657e-06,0.0
2023-09-10 13:17:32,0.0,-0.5787000000000262,-9.999999999999904e-08,-0.17540000000002465,0.17549999999999955,2.0000000056086265e-07,0.0
2023-09-11 03:00:42,-0.00010000000000331966,-0.7715999999999781,0.0,-0.021399999999999864,0.021399999999971442,1.4299999993028223e-06,0.0
2023-09-11 13:18:04,-9.99999999891088e-05,-0.5788000000000011,9.999999999999904e-08,-1.6470999999999947,1.647100000000023,3.800000012432747e-07,0.0
2023-09-12 03:01:13,-0.00010000000000331966,-0.7715999999999781,3.000000000000005e-07,0.4981999999999971,-0.4981999999999971,1.0199999991300501e-06,0.0
2023-09-12 13:18:35,-0.00010000000000331966,-0.5787000000000262,-3.9999999999999956e-07,-0.4017999999999802,0.4017000000000053,7.499999998827889e-07,0.0
2023-09-12 20:10:09,0.0,-0.38580000000001746,2.0000000000000147e-07,0.11169999999998481,-0.11170000000004165,1.1700000008829647e-06,0.0
2023-09-13 03:01:44,-0.00010000000000331966,-0.3857999999999606,0.0,1.791799999999995,-1.7916999999999916,1.1400000001771105e-06,0.0
2023-09-13 13:19:06,-0.00010000000000331966,-0.5787000000000262,-3.000000000000005e-07,-0.4445999999999799,0.44460000000003674,8.399999984476381e-07,0.0
2023-09-13 21:53:34,0.0,-0.4823000000000093,3.000000000000005e-07,0.36079999999998336,-0.3609000000000151,2.3000000126671694e-07,0.0
2023-09-14 03:02:15,-9.99999999891088e-05,-0.2892999999999688,-3.000000000000005e-07,0.3487999999999829,-0.3487999999999829,1.0299999999574538e-06,0.0
2023-09-14 13:19:37,-0.00010000000000331966,-0.5788000000000011,-7.999999999999991e-07,-0.11520000000001573,0.11519999999995889,4.699999998081239e-07,0.0
2023-09-14 20:11:11,0.0,-0.38580000000001746,-1.0000000000000243e-07,-1.207899999999995,1.2078000000000202,-9.000000034120603e-08,0.0
2023-09-15 04:45:40,-0.00010000000000331966,-0.48219999999997754,-5.999999999999976e-07,0.5035000000000025,-0.5035000000000309,1.57999999927938e-06,0.0
2023-09-15 13:20:08,-0.00010000000000331966,-0.4823000000000093,-9.000000000000015e-07,-1.1833000000000027,1.1831999999999994,4.3000000005122274e-07,0.0
2023-09-16 09:54:52,-0.00019999999999242846,-1.1575000000000273,-1.2999999999999994e-06,-1.118300000000005,1.1180000000000518,2.230000001546273e-06,0.0
2023-09-16 13:20:39,0.0,-0.19290000000000873,-3.9999999999999956e-07,-0.40960000000001173,0.4095999999999549,1.999999987845058e-08,0.0
2023-09-17 09:55:22,-0.0002000000000066393,-1.1574999999999704,-1.2000000000000004e-06,-3.7760999999999854,3.7760000000000105,2.59999999840943e-06,0.0
2023-09-17 13:21:10,-9.99999999891088e-05,-0.19290000000000873,-3.9999999999999956e-07,-1.8765999999999963,1.8765000000000214,8.000000129015916e-08,0.0
2023-09-18 09:55:53,-0.00010000000000331966,-1.1574999999999704,-9.000000000000015e-07,-5.820999999999998,5.820899999999995,8.200000003455443e-07,0.0
2023-09-18 13:21:41,0.0,-0.19290000000000873,-9.999999999999904e-08,-0.2977999999999952,0.2977999999999952,4.099999983964153e-07,0.0
2023-09-18 20:13:15,-0.00010000000000331966,-0.38580000000001746,0.0,-2.0815000000000055,2.0813999999999737,6.50000000490536e-07,0.0
2023-09-19 09:56:24,-0.00010000000000331966,-0.7717000000000098,-3.000000000000005e-07,-3.574299999999994,3.5743000000000507,1.259999999447814e-06,0.0
2023-09-20 09:56:55,-9.99999999891088e-05,-1.350500000000011,7.000000000000001e-07,-6.0493000000000166,6.049199999999985,1.7800000016165995e-06,0.0
2023-09-20 13:22:43,-0.00010000000000331966,-0.1928999999999519,1.0000000000000074e-07,-0.7417000000000087,0.741800000000012,-4.0000001533258e-08,0.0
2023-09-20 20:14:17,-0.00010000000000331966,-0.3859000000000492,2.999999999999988e-07,-1.6193000000000097,1.6192999999999529,4.1000000017277216e-07,0.0
2023-09-21 09:57:26,0.0,-0.771699999999953,-2.999999999999988e-07,0.2746999999999957,-0.2746999999999957,1.4900000007145309e-06,0.0
2023-09-21 13:23:14,-0.00010000000000331966,-0.19300000000004047,0.0,-0.7149000000000001,0.7148000000000252,-3.000000070585429e-08,0.0
2023-09-21 20:14:48,0.0,-0.3857999999999606,5.000000000000003e-07,-1.2458000000000027,1.245900000000006,5.900000008551842e-07,0.0
2023-09-22 09:57:57,-0.00010000000000331966,-0.7718000000000416,-5.000000000000003e-07,1.0668000000000006,-1.0669000000000324,1.3100000000321188e-06,0.0
2023-09-22 13:23:45,-9.99999999891088e-05,-0.1928999999999519,0.0,0.26959999999999695,-0.26959999999996853,1.4999999997655777e-07,0.0
2023-09-22 20:15:19,0.0,-0.3859000000000492,2.999999999999988e-07,0.37930000000000064,-0.37920000000002574,3.599999995884673e-07,0.0
2023-09-23 11:41:22,-0.0002000000000066393,-0.8682000000000016,-9.99999999999999e-07,0.609499999999997,-0.6096000000000004,1.5599999994009295e-06,0.0
2023-09-23 13:24:16,0.0,-0.09639999999996007,-1.0000000000000074e-07,-0.43840000000000146,0.43840000000000146,-9.99999905104687e-09,0.0
2023-09-24 13:24:46,-0.00019999999999242846,-1.3507000000000176,-9.99999999999999e-07,2.331799999999987,-2.331899999999962,2.3900000005738775e-06,0.0
2023-09-24 16:50:34,0.0,-0.19290000000000873,1.9999999999999978e-07,-0.23439999999999372,0.23449999999996862,2.6999999924726126e-07,0.0
2023-09-24 20:16:21,0.0,-0.19290000000000873,0.0,-1.1277000000000044,1.1277000000000044,3.1999999983156613e-07,0.0
2023-09-25 13:25:17,-0.00010000000000331966,-0.9647999999999683,-1.300000000000001e-06,-2.1624999999999943,2.162300000000016,2.130000000377663e-06,0.0
2023-09-25 20:16:52,-0.00010000000000331966,-0.38589999999999236,1.9999999999999978e-07,-3.371299999999991,3.3712999999999624,7.699999997612395e-07,0.0
2023-09-25 21:59:46,0.0,-0.09650000000004866,-2.999999999999988e-07,2.387200000000007,-2.3871999999999503,3.9999999934536845e-07,0.0
2023-09-26 13:25:48,-0.00010000000000331966,-0.8682999999999765,-9.000000000000007e-07,-1.4116999999999962,1.4114999999999895,1.710000001153844e-06,0.0
2023-09-26 20:17:23,-9.99999999891088e-05,-0.38589999999999236,3.000000000000005e-07,-3.9362999999999886,3.936399999999992,9.299999987888441e-07,0.0
2023-09-27 01:26:04,0.0,-0.28940000000000055,-1.9999999999999978e-07,0.9274000000000058,-0.9273999999999774,5.100000013413819e-07,0.0
2023-09-27 11:43:25,0.0,-0.578899999999976,-3.000000000000005e-07,-8.521000000000015,8.520899999999983,6.299999988357285e-07,0.0
2023-09-28 03:09:28,-0.00010000000000331966,-0.8683000000000334,1.9999999999999978e-07,-7.636300000000006,7.636199999999974,1.4799999998871272e-06,0.0
2023-09-28 13:26:50,-0.00010000000000331966,-0.5788000000000011,0.0,-9.016199999999998,9.01600000000002,8.30000001172948e-07,0.0
2023-09-28 20:18:24,0.0,-0.38589999999999236,5.000000000000011e-07,-3.5028000000000077,3.5027999999999793,4.699999998081239e-07,0.0
2023-09-29 11:44:27,-0.00010000000000331966,-0.8682999999999765,-5.000000000000011e-07,-5.691699999999997,5.691599999999994,1.539999999522479e-06,0.0
2023-09-29 13:27:21,0.0,-0.09650000000004866,1.0000000000000074e-07,-0.33080000000001064,0.33080000000001064,7.000000046275545e-08,0.0
2023-09-30 03:10:30,-0.00010000000000331966,-0.7717999999999847,9.999999999999989e-08,1.198599999999999,-1.198599999999999,1.0599999988869513e-06,0.0
2023-09-30 16:53:39,0.0,-0.7717999999999847,1.9999999999999978e-07,-2.217500000000001,2.2175000000000296,5.100000013413819e-07,0.0
2023-10-01 13:28:22,-9.99999999891088e-05,-1.157700000000034,-8.999999999999999e-07,3.81280000000001,-3.8127000000000066,2.2599999986994135e-06,0.0
2023-10-01 18:37:03,-0.00010000000000331966,-0.28949999999997544,1.0999999999999996e-06,0.8625999999999863,-0.862700000000018,4.000000011217253e-07,0.0
2023-10-01 20:19:57,0.0,-0.09649999999999181,0.0,-1.1148000000000025,1.1148999999999774,3.599999995884673e-07,0.0
2023-10-02 20:20:28,-0.00010000000000331966,-1.3505999999999858,-1.4000000000000001e-06,8.46629999999999,-8.46629999999999,2.459999999260276e-06,0.0
2023-10-02 20:20:28,0.0,0.0,0.0,0.0,0.0,0.0,0.0
2023-10-03 13:29:24,-0.00010000000000331966,-0.9648000000000252,-1.1999999999999995e-06,5.819700000000012,-5.819699999999955,8.900000008082998e-07,0.0
2023-10-03 20:20:58,0.0,-0.38589999999999236,9.999999999999989e-08,1.1696000000000026,-1.1696000000000026,8.799999999808961e-07,0.0
2023-10-04 11:47:01,0.0,-0.8684000000000083,6.000000000000002e-07,-0.960000000000008,0.9600999999999544,1.9899999994521522e-06,0.0
2023-10-04 20:21:29,-9.99999999891088e-05,-0.4823000000000093,-1.3000000000000003e-06,5.732400000000013,-5.732399999999984,1.620000000812638e-06,0.0
2023-10-05 03:13:04,0.0,-0.38589999999999236,9.999999999999989e-08,-1.1924999999999955,1.1924000000000206,7.300000000043383e-07,0.0
2023-10-05 13:30:25,0.0,-0.578899999999976,6.000000000000002e-07,-5.266400000000004,5.266500000000008,1.1299999993497067e-06,0.0
2023-10-05 20:22:00,0.0,-0.38589999999999236,-1.9999999999999978e-07,-2.2912000000000035,2.2910999999999717,9.70000000322102e-07,1.0
2023-10-06 03:13:34,0.0,-0.3859000000000492,-3.000000000000005e-07,-2.6014000000000124,2.6014000000000124,6.700000003689865e-07,1.0
2023-10-06 13:30:56,0.0,-0.578899999999976,5.000000000000003e-07,-2.6533000000000015,2.65319999999997,1.3299999999105694e-06,1.0
2023-10-06 20:22:31,0.0,-0.3860000000000241,2.9999999999999967e-07,-2.733699999999999,2.733699999999999,6.700000003689865e-07,1.0
2023-10-07 10:05:40,0.0,-0.7718999999999596,6.000000000000002e-07,48.63979999999998,-48.63929999999999,-8.663000000019849e-05,1.0
2023-10-07 11:48:34,0.0,-0.09649999999999181,0.0,-2.6343999999999994,2.634400000000028,4.599999989807202e-07,1.0
2023-10-07 20:23:02,0.0,-0.482400000000041,-5.000000000000003e-07,-11.959800000000001,11.959599999999966,2.2400000005973197e-06,1.0
2023-10-08 10:06:11,0.0,-0.7717999999999847,-6.999999999999992e-07,-4.736400000000003,4.736400000000003,1.2199999996909128e-06,1.0
2023-10-08 13:31:59,0.0,-0.19290000000000873,-8.000000000000008e-07,-9.04910000000001,9.048900000000003,5.700000009767336e-07,1.0
2023-10-08 20:23:33,0.0,-0.38599999999996726,-9.999999999999989e-08,-5.105400000000003,5.1054000000000315,7.100000001258877e-07,1.0
2023-10-09 13:32:30,0.0,-0.9648000000000252,9.999999999999989e-08,-12.780100000000004,12.780100000000004,1.859999999354045e-06,1.0
2023-10-09 18:41:11,0.0,-0.28940000000000055,0.0,0.8673000000000002,-0.8673000000000002,5.600000001493299e-07,0.0
2023-10-09 20:24:04,0.0,-0.09649999999999181,-9.999999999999989e-08,-1.160899999999998,1.1607999999999947,6.399999996631323e-07,0.0
2023-10-10 13:33:01,0.0,-0.9648000000000252,1.6e-06,4.3156999999999925,-4.315600000000018,2.4899999999661304e-06,0.0
2023-10-10 18:41:42,0.0,-0.28949999999997544,0.0,2.0534000000000106,-2.0534000000000106,1.0499999998359044e-06,0.0
2023-10-10 22:07:29,0.0,-0.19290000000000873,1.0000000000000074e-07,0.7098000000000013,-0.709699999999998,1.400000009255109e-07,0.0
2023-10-11 13:33:32,0.0,-0.8684000000000083,-2.0000000000000063e-07,3.044399999999996,-3.044399999999996,1.7499999991343884e-06,0.0
2023-10-12 03:16:41,0.0,-0.7717999999999847,-1.6e-06,2.4638999999999953,-2.4639999999999986,2.1199999995502594e-06,0.0
2023-10-12 13:34:03,0.0,-0.578899999999976,1.0000000000000006e-06,3.3256000000000085,-3.325499999999977,1.3299999999105694e-06,0.0
2023-10-12 22:08:32,0.0,-0.482400000000041,9.999999999999989e-08,10.685900000000004,-10.685800000000029,1.1900000007614153e-06,0.0
2023-10-13 03:17:13,0.0,-0.28940000000000055,-4.000000000000004e-07,0.691599999999994,-0.691599999999994,2.400000003177638e-07,0.0
2023-10-13 13:34:34,0.0,-0.578899999999976,5.000000000000003e-07,0.8138999999999896,-0.8140000000000214,1.57999999927938e-06,0.0
2023-10-13 22:09:03,0.0,-0.4823999999999842,-5.000000000000003e-07,8.139900000000011,-8.13979999999998,2.0599999999149077e-06,0.0
2023-10-14 05:00:37,9.99999999891088e-05,-0.38580000000001746,1.9999999999999978e-07,3.456700000000012,-3.456700000000012,-1.1000000021965661e-07,0.0
2023-10-14 13:35:06,0.0,-0.4823999999999842,1.1000000000000005e-06,0.3101000000000056,-0.3100000000000023,9.70000000322102e-07,0.0
2023-10-14 22:09:34,0.0,-0.482400000000041,0.0,5.58250000000001,-5.582499999999982,1.3600000006164237e-06,0.0
2023-10-15 05:01:08,0.0,-0.38589999999999236,0.0,1.4617999999999824,-1.4617000000000075,2.9999999995311555e-07,0.0
2023-10-15 13:35:37,0.0,-0.4823999999999842,3.9999999999999956e-07,-2.3415999999999997,2.341600000000028,8.400000002239949e-07,0.0
2023-10-15 22:10:05,0.0,-0.4823999999999842,2.0000000000000063e-07,0.7809000000000026,-0.780900000000031,8.999999998593466e-07,0.0
2023-10-16 08:27:27,0.00010000000000331966,-0.5788000000000011,4.999999999999994e-07,-3.405699999999996,3.4057000000000244,8.299999993965912e-07,0.0
2023-10-16 13:36:08,0.0,-0.28940000000000055,2.0000000000000063e-07,-2.1662000000000035,2.1662999999999784,5.200000003924288e-07,0.0
2023-10-16 22:10:36,0.0,-0.482400000000041,9.999999999999989e-08,-1.792100000000005,1.792100000000005,9.900000002005527e-07,0.0
2023-10-17 11:53:45,0.00010000000000331966,-0.7717999999999847,-6.000000000000002e-07,-2.1769999999999925,2.176899999999989,1.6899999994990367e-06,0.0
2023-10-17 13:36:39,0.0,-0.09649999999999181,9.999999999999989e-08,-0.8118000000000052,0.8117000000000303,1.8000000068241206e-07,0.0
2023-10-18 01:36:54,0.0,-0.6752999999999929,-5.000000000000003e-07,-2.3011999999999944,2.3012999999999693,1.1299999993497067e-06,0.0
2023-10-18 11:54:16,0.0,-0.5790000000000077,-1.6999999999999998e-06,-4.622600000000006,4.622299999999996,1.4500000009576297e-06,0.0
2023-10-18 22:11:38,0.00010000000000331966,-0.5788000000000011,3.000000000000005e-07,-5.50569999999999,5.505800000000022,1.629999999863685e-06,0.0
2023-10-19 11:54:47,9.99999999891088e-05,-0.7717999999999847,0.0,-4.258399999999995,4.25830000000002,1.0199999991300501e-06,0.0
2023-10-19 13:37:41,0.0,-0.09649999999999181,9.999999999999989e-08,0.14289999999999736,-0.14289999999999736,2.0999999961190952e-07,0.0
2023-10-19 22:12:09,0.0,-0.4823000000000093,-5.000000000000003e-07,-2.4177999999999997,2.417699999999968,1.2800000011026214e-06,0.0
2023-10-20 11:55:18,0.00010000000000331966,-0.7717999999999847,8.999999999999999e-07,1.6949999999999932,-1.6947999999999865,3.499999987610636e-07,0.0
2023-10-20 13:38:12,0.0,-0.09650000000004866,1.9999999999999978e-07,0.17320000000000846,-0.17329999999998336,1.700000016313652e-07,0.0
2023-10-20 22:12:40,0.0,-0.4823999999999842,2.0000000000000063e-07,4.410799999999995,-4.41070000000002,9.099999989103935e-07,0.0
2023-10-21 11:55:49,0.0002000000000066393,-0.7717999999999847,4.999999999999994e-07,-4.317000000000007,4.317000000000007,5.000000005139782e-07,0.0
2023-10-21 13:38:43,0.0,-0.09649999999999181,9.999999999999989e-08,0.19220000000001392,-0.19220000000001392,1.3999999914915406e-07,0.0
2023-10-21 22:13:11,0.0,-0.482400000000041,9.000000000000007e-07,1.6680000000000064,-1.6678999999999746,8.799999999808961e-07,0.0
2023-10-22 11:56:20,0.00019999999999242846,-0.7717999999999847,8.999999999999999e-07,3.154200000000003,-3.154100000000028,4.6000000075707703e-07,0.0
2023-10-22 13:39:14,0.0,-0.09640000000001692,3.000000000000005e-07,1.3242999999999938,-1.324200000000019,2.499999993688107e-07,0.0
2023-10-22 22:13:42,0.0,-0.4823999999999842,9.999999999999904e-08,2.6593000000000018,-2.6592999999999734,1.8800000010088525e-06,0.0
2023-10-23 11:56:51,0.00010000000000331966,-0.7717999999999847,3.9999999999999956e-07,0.8471999999999866,-0.8471999999999866,6.799999994200334e-07,0.0
2023-10-23 22:14:13,0.00010000000000331966,-0.5788000000000011,6.00000000000001e-07,5.009199999999993,-5.0090000000000146,1.1499999992281573e-06,0.0
2023-10-24 11:57:22,0.00010000000000331966,-0.7717000000000098,-3.000000000000005e-07,3.050299999999993,-3.0504000000000246,6.200000015610385e-07,0.0
2023-10-24 13:40:16,0.0,-0.09649999999999181,1.9999999999999978e-07,0.9322999999999979,-0.9321999999999662,1.1999999927070348e-07,0.0
2023-10-25 13:40:47,9.99999999891088e-05,-1.350500000000011,0.0,6.209599999999995,-6.209600000000023,1.8399999994755944e-06,0.0
2023-10-25 13:40:47,0.0,0.0,0.0,0.0,0.0,0.0,0.0
2023-10-26 13:41:18,0.00010000000000331966,-1.350500000000011,7.000000000000001e-07,0.7366000000000099,-0.7364999999999782,1.9200000007657536e-06,0.0
2023-10-26 20:32:52,0.0,-0.38589999999999236,1.9999999999999978e-07,1.6646000000000072,-1.6645000000000323,8.000000004670937e-07,1.0
2023-10-27 05:07:21,0.0,-0.4823000000000093,-9.99999999999999e-07,-0.45460000000002765,0.45450000000005275,1.3799999987185174e-06,1.0
2023-10-27 13:41:49,0.00010000000000331966,-0.48229999999995243,5.000000000000003e-07,-2.199700000000007,2.1996999999999503,5.400000002708794e-07,1.0
2023-10-27 20:33:23,0.0,-0.38580000000001746,1.4999999999999992e-06,1.3125,-1.3123999999999683,-3.999999975690116e-08,1.0
2023-10-28 20:33:55,0.0,-1.3506000000000142,-1.6e-06,8.24720000000002,-8.24720000000002,-4.457000000002154e-05,1.0
2023-10-28 22:16:48,0.00010000000000331966,-0.0963999999999885,-3.000000000000005e-07,-1.8503000000000043,1.8502000000000294,-8.200000003455443e-07,1.0
2023-10-29 11:59:58,9.99999999891088e-05,-0.7716000000000065,3.000000000000005e-07,-0.5627999999999815,0.5627999999999815,-7.399999990553852e-07,1.0
2023-10-29 20:34:26,0.0,-0.4823000000000093,0.0,-0.2254000000000076,0.22539999999997917,3.599999995884673e-07,1.0
2023-10-29 22:17:20,0.00010000000000331966,-0.09649999999999181,-1.0000000000000074e-07,-0.44710000000000605,0.44710000000003447,-5.999999963535174e-08,1.0
2023-10-30 20:34:57,0.00010000000000331966,-1.2538999999999874,0.0,-7.409899999999993,7.4097999999999615,1.259999999447814e-06,0.0
2023-10-30 22:17:51,0.0,-0.09650000000002024,2.0000000000000147e-07,-1.4714999999999918,1.4716000000000236,4.190000000292571e-06,0.0
2023-10-31 13:43:54,0.0002000000000066393,-0.8682000000000016,5.999999999999993e-07,-2.1341999999999928,2.134200000000021,9.999999992515995e-07,0.0
2023-10-31 20:35:28,0.0,-0.38579999999998904,-1.9999999999999978e-07,1.028599999999983,-1.02860000000004,5.400000002708794e-07,0.0
2023-10-31 22:18:22,0.0,-0.0963999999999885,0.0,-0.006699999999995043,0.006700000000023465,1.8999999973345894e-07,0.0
2023-11-01 12:01:31,9.99999999891088e-05,-0.7717000000000098,9.99999999999999e-07,0.5036000000000058,-0.5035000000000309,3.800000012432747e-07,0.0
2023-11-01 20:35:59,0.00010000000000331966,-0.4823000000000093,9.000000000000015e-07,3.4458999999999946,-3.445799999999963,6.99999999298484e-07,0.0
2023-11-01 22:18:53,0.0,-0.0963999999999885,0.0,0.6557999999999993,-0.6557999999999993,5.000000058430487e-08,0.0
2023-11-02 13:44:56,0.00010000000000331966,-0.8682000000000016,8.999999999999999e-07,1.2375000000000114,-1.2374000000000365,1.8999999991109462e-06,0.0
2023-11-02 20:36:31,0.0,-0.38580000000001746,7.000000000000001e-07,3.811300000000017,-3.8111999999999853,7.699999997612395e-07,0.0
2023-11-02 22:19:24,0.00010000000000331966,-0.0963999999999885,0.0,0.4748000000000161,-0.4748000000000161,7.000000046275545e-08,0.0
